crime_id,Month,LSOAcode,crime_type,outcome,Longitude,Latitude,LAname
474,2017-01,E01005098,Burglary,Investigation complete; no suspect identified,-2.230359,53.534051,Manchester
475,2017-01,E01005098,Burglary,Investigation complete; no suspect identified,-2.23603,53.536556,Manchester
476,2017-01,E01005098,Burglary,Investigation complete; no suspect identified,-2.239317,53.536047,Manchester
477,2017-01,E01005102,Burglary,Investigation complete; no suspect identified,-2.235239,53.5353,Manchester
478,2017-01,E01005102,Burglary,Investigation complete; no suspect identified,-2.235239,53.5353,Manchester
479,2017-01,E01005103,Burglary,Investigation complete; no suspect identified,-2.22962,53.531446,Manchester
480,2017-01,E01005101,Burglary,Investigation complete; no suspect identified,-2.221912,53.531622,Manchester
481,2017-01,E01005135,Burglary,Investigation complete; no suspect identified,-2.212194,53.531217,Manchester
482,2017-01,E01005136,Burglary,Investigation complete; no suspect identified,-2.2169,53.525088,Manchester
483,2017-01,E01005136,Burglary,Defendant found not guilty,-2.2169,53.525088,Manchester
484,2017-01,E01005140,Burglary,Investigation complete; no suspect identified,-2.227932,53.523332,Manchester
485,2017-01,E01005140,Burglary,Investigation complete; no suspect identified,-2.211985,53.522598,Manchester
486,2017-01,E01005140,Burglary,Unable to prosecute suspect,-2.216333,53.520388,Manchester
487,2017-01,E01005140,Burglary,Investigation complete; no suspect identified,-2.221837,53.520072,Manchester
488,2017-01,E01005139,Burglary,Investigation complete; no suspect identified,-2.196705,53.525662,Manchester
489,2017-01,E01005141,Burglary,Investigation complete; no suspect identified,-2.191742,53.52229,Manchester
490,2017-01,E01005141,Burglary,Investigation complete; no suspect identified,-2.193922,53.520678,Manchester
491,2017-01,E01005251,Burglary,Investigation complete; no suspect identified,-2.17368,53.52408,Manchester
492,2017-01,E01033685,Burglary,Investigation complete; no suspect identified,-2.181957,53.526521,Manchester
493,2017-01,E01033687,Burglary,Investigation complete; no suspect identified,-2.189601,53.522267,Manchester
494,2017-01,E01005104,Burglary,Investigation complete; no suspect identified,-2.238453,53.524696,Manchester
495,2017-01,E01005104,Burglary,Investigation complete; no suspect identified,-2.238453,53.524696,Manchester
496,2017-01,E01005104,Burglary,Offender given community sentence,-2.236745,53.532115,Manchester
497,2017-01,E01005160,Burglary,Investigation complete; no suspect identified,-2.240227,53.53964,Manchester
498,2017-01,E01005160,Burglary,Investigation complete; no suspect identified,-2.246924,53.521056,Manchester
499,2017-01,E01005160,Burglary,Investigation complete; no suspect identified,-2.240227,53.53964,Manchester
500,2017-01,E01005162,Burglary,Investigation complete; no suspect identified,-2.253694,53.52062,Manchester
501,2017-01,E01005162,Burglary,Investigation complete; no suspect identified,-2.251595,53.520265,Manchester
502,2017-01,E01005162,Burglary,Investigation complete; no suspect identified,-2.249432,53.52168,Manchester
503,2017-01,E01005163,Burglary,Investigation complete; no suspect identified,-2.236727,53.51821,Manchester
504,2017-01,E01005163,Burglary,Investigation complete; no suspect identified,-2.24557,53.518983,Manchester
505,2017-01,E01005163,Burglary,Investigation complete; no suspect identified,-2.236727,53.51821,Manchester
506,2017-01,E01005163,Burglary,Unable to prosecute suspect,-2.239489,53.518456,Manchester
507,2017-01,E01005163,Burglary,Investigation complete; no suspect identified,-2.24557,53.518983,Manchester
508,2017-01,E01005248,Burglary,Investigation complete; no suspect identified,-2.176572,53.508535,Manchester
509,2017-01,E01005248,Burglary,Investigation complete; no suspect identified,-2.176759,53.510035,Manchester
510,2017-01,E01005249,Burglary,Investigation complete; no suspect identified,-2.180436,53.513086,Manchester
511,2017-01,E01005249,Burglary,Investigation complete; no suspect identified,-2.179436,53.51537,Manchester
512,2017-01,E01005250,Burglary,Investigation complete; no suspect identified,-2.175026,53.521255,Manchester
513,2017-01,E01005253,Burglary,Investigation complete; no suspect identified,-2.16303,53.51987,Manchester
514,2017-01,E01005254,Burglary,Investigation complete; no suspect identified,-2.162535,53.516662,Manchester
515,2017-01,E01005254,Burglary,Investigation complete; no suspect identified,-2.163506,53.518171,Manchester
516,2017-01,E01005254,Burglary,Investigation complete; no suspect identified,-2.162535,53.516662,Manchester
517,2017-01,E01005205,Burglary,Investigation complete; no suspect identified,-2.214314,53.508778,Manchester
518,2017-01,E01005205,Burglary,Investigation complete; no suspect identified,-2.213855,53.516563,Manchester
519,2017-01,E01005206,Burglary,Investigation complete; no suspect identified,-2.217356,53.511047,Manchester
520,2017-01,E01005207,Burglary,Investigation complete; no suspect identified,-2.207286,53.514642,Manchester
521,2017-01,E01005223,Burglary,Investigation complete; no suspect identified,-2.198544,53.515754,Manchester
522,2017-01,E01005223,Burglary,Unable to prosecute suspect,-2.201407,53.515102,Manchester
523,2017-01,E01005223,Burglary,Status update unavailable,-2.196159,53.515128,Manchester
524,2017-01,E01005223,Burglary,Investigation complete; no suspect identified,-2.200759,53.515301,Manchester
525,2017-01,E01005223,Burglary,Offender sent to prison,-2.197049,53.515181,Manchester
526,2017-01,E01005223,Burglary,Investigation complete; no suspect identified,-2.203454,53.514379,Manchester
527,2017-01,E01005224,Burglary,Investigation complete; no suspect identified,-2.204193,53.511259,Manchester
528,2017-01,E01005224,Burglary,Investigation complete; no suspect identified,-2.201969,53.509735,Manchester
529,2017-01,E01005225,Burglary,Investigation complete; no suspect identified,-2.187428,53.508581,Manchester
530,2017-01,E01005226,Burglary,Investigation complete; no suspect identified,-2.194692,53.51434,Manchester
531,2017-01,E01005226,Burglary,Investigation complete; no suspect identified,-2.196122,53.513726,Manchester
532,2017-01,E01005226,Burglary,Investigation complete; no suspect identified,-2.195034,53.513216,Manchester
533,2017-01,E01005229,Burglary,Investigation complete; no suspect identified,-2.186166,53.519926,Manchester
534,2017-01,E01005229,Burglary,Investigation complete; no suspect identified,-2.192026,53.514874,Manchester
535,2017-01,E01005145,Burglary,Investigation complete; no suspect identified,-2.23955,53.507903,Manchester
536,2017-01,E01005146,Burglary,Investigation complete; no suspect identified,-2.229383,53.504247,Manchester
537,2017-01,E01005146,Burglary,Investigation complete; no suspect identified,-2.230385,53.502897,Manchester
538,2017-01,E01005149,Burglary,Investigation complete; no suspect identified,-2.237481,53.509948,Manchester
539,2017-01,E01005149,Burglary,Investigation complete; no suspect identified,-2.239442,53.51025,Manchester
540,2017-01,E01005165,Burglary,Investigation complete; no suspect identified,-2.243572,53.51514,Manchester
541,2017-01,E01005165,Burglary,Investigation complete; no suspect identified,-2.242404,53.516589,Manchester
542,2017-01,E01005165,Burglary,Investigation complete; no suspect identified,-2.249858,53.517275,Manchester
543,2017-01,E01005165,Burglary,Investigation complete; no suspect identified,-2.249858,53.517275,Manchester
544,2017-01,E01005165,Burglary,Investigation complete; no suspect identified,-2.24365,53.518277,Manchester
545,2017-01,E01005165,Burglary,Investigation complete; no suspect identified,-2.24554,53.516439,Manchester
546,2017-01,E01005166,Burglary,Investigation complete; no suspect identified,-2.238426,53.517236,Manchester
547,2017-01,E01005166,Burglary,Investigation complete; no suspect identified,-2.237194,53.51811,Manchester
548,2017-01,E01005166,Burglary,Investigation complete; no suspect identified,-2.238746,53.515069,Manchester
549,2017-01,E01005166,Burglary,Investigation complete; no suspect identified,-2.236172,53.515991,Manchester
550,2017-01,E01005167,Burglary,Investigation complete; no suspect identified,-2.235787,53.511821,Manchester
551,2017-01,E01005167,Burglary,Investigation complete; no suspect identified,-2.236116,53.514103,Manchester
552,2017-01,E01005167,Burglary,Investigation complete; no suspect identified,-2.235787,53.511821,Manchester
553,2017-01,E01005167,Burglary,Investigation complete; no suspect identified,-2.232855,53.513274,Manchester
554,2017-01,E01005167,Burglary,Investigation complete; no suspect identified,-2.233117,53.514451,Manchester
555,2017-01,E01005167,Burglary,Investigation complete; no suspect identified,-2.235787,53.511821,Manchester
556,2017-01,E01005167,Burglary,Investigation complete; no suspect identified,-2.235179,53.513728,Manchester
557,2017-01,E01005167,Burglary,Investigation complete; no suspect identified,-2.226601,53.51129,Manchester
558,2017-01,E01005167,Burglary,Investigation complete; no suspect identified,-2.235179,53.513728,Manchester
559,2017-01,E01005167,Burglary,Investigation complete; no suspect identified,-2.234867,53.511751,Manchester
560,2017-01,E01005202,Burglary,Investigation complete; no suspect identified,-2.199023,53.502037,Manchester
561,2017-01,E01005202,Burglary,Investigation complete; no suspect identified,-2.209696,53.508067,Manchester
562,2017-01,E01005202,Burglary,Investigation complete; no suspect identified,-2.209502,53.508319,Manchester
563,2017-01,E01005203,Burglary,Investigation complete; no suspect identified,-2.217095,53.51005,Manchester
564,2017-01,E01005203,Burglary,Investigation complete; no suspect identified,-2.213717,53.506964,Manchester
565,2017-01,E01005203,Burglary,Investigation complete; no suspect identified,-2.224592,53.504939,Manchester
566,2017-01,E01005203,Burglary,Investigation complete; no suspect identified,-2.218621,53.507863,Manchester
567,2017-01,E01005227,Burglary,Status update unavailable,-2.202123,53.507191,Manchester
568,2017-01,E01005227,Burglary,Investigation complete; no suspect identified,-2.201487,53.506617,Manchester
569,2017-01,E01005227,Burglary,Status update unavailable,-2.204278,53.510126,Manchester
570,2017-01,E01033678,Burglary,Investigation complete; no suspect identified,-2.211642,53.502141,Manchester
571,2017-01,E01033678,Burglary,Investigation complete; no suspect identified,-2.212462,53.500386,Manchester
572,2017-01,E01033678,Burglary,Investigation complete; no suspect identified,-2.205842,53.499805,Manchester
573,2017-01,E01005256,Burglary,Investigation complete; no suspect identified,-2.184488,53.501673,Manchester
574,2017-01,E01005256,Burglary,Investigation complete; no suspect identified,-2.184488,53.501673,Manchester
575,2017-01,E01005257,Burglary,Investigation complete; no suspect identified,-2.207442,53.497321,Manchester
576,2017-01,E01005257,Burglary,Investigation complete; no suspect identified,-2.205964,53.494043,Manchester
577,2017-01,E01005257,Burglary,Investigation complete; no suspect identified,-2.185718,53.493357,Manchester
578,2017-01,E01005258,Burglary,Investigation complete; no suspect identified,-2.170116,53.496562,Manchester
579,2017-01,E01005259,Burglary,Investigation complete; no suspect identified,-2.175679,53.496842,Manchester
580,2017-01,E01005259,Burglary,Investigation complete; no suspect identified,-2.178326,53.498869,Manchester
581,2017-01,E01005260,Burglary,Investigation complete; no suspect identified,-2.172006,53.494429,Manchester
582,2017-01,E01005093,Burglary,Investigation complete; no suspect identified,-2.180959,53.487225,Manchester
583,2017-01,E01005094,Burglary,Investigation complete; no suspect identified,-2.168686,53.482048,Manchester
584,2017-01,E01005094,Burglary,Investigation complete; no suspect identified,-2.168686,53.482048,Manchester
585,2017-01,E01005097,Burglary,Investigation complete; no suspect identified,-2.182443,53.488715,Manchester
586,2017-01,E01005255,Burglary,Investigation complete; no suspect identified,-2.173783,53.494067,Manchester
587,2017-01,E01005261,Burglary,Investigation complete; no suspect identified,-2.182691,53.497488,Manchester
588,2017-01,E01005129,Burglary,Investigation complete; no suspect identified,-2.216455,53.493971,Manchester
589,2017-01,E01005129,Burglary,Investigation complete; no suspect identified,-2.211015,53.494385,Manchester
590,2017-01,E01005129,Burglary,Investigation complete; no suspect identified,-2.216455,53.493971,Manchester
591,2017-01,E01005133,Burglary,Investigation complete; no suspect identified,-2.224553,53.486127,Manchester
592,2017-01,E01005133,Burglary,Investigation complete; no suspect identified,-2.224553,53.486127,Manchester
593,2017-01,E01005133,Burglary,Investigation complete; no suspect identified,-2.224182,53.484366,Manchester
594,2017-01,E01005133,Burglary,Investigation complete; no suspect identified,-2.218936,53.48984,Manchester
595,2017-01,E01005133,Burglary,Investigation complete; no suspect identified,-2.224553,53.486127,Manchester
596,2017-01,E01033663,Burglary,Investigation complete; no suspect identified,-2.214904,53.482441,Manchester
597,2017-01,E01033663,Burglary,Investigation complete; no suspect identified,-2.218058,53.483351999999996,Manchester
598,2017-01,E01033688,Burglary,Investigation complete; no suspect identified,-2.204961,53.479897,Manchester
599,2017-01,E01033688,Burglary,Investigation complete; no suspect identified,-2.21313,53.483298,Manchester
600,2017-01,E01033688,Burglary,Investigation complete; no suspect identified,-2.212104,53.486051,Manchester
601,2017-01,E01005092,Burglary,Investigation complete; no suspect identified,-2.184268,53.485557,Manchester
602,2017-01,E01005092,Burglary,Investigation complete; no suspect identified,-2.183317,53.485253,Manchester
603,2017-01,E01005092,Burglary,Investigation complete; no suspect identified,-2.183317,53.485253,Manchester
604,2017-01,E01005092,Burglary,Investigation complete; no suspect identified,-2.183317,53.485253,Manchester
605,2017-01,E01005105,Burglary,Investigation complete; no suspect identified,-2.207502,53.47867,Manchester
606,2017-01,E01005105,Burglary,Investigation complete; no suspect identified,-2.20088,53.473954,Manchester
607,2017-01,E01005105,Burglary,Investigation complete; no suspect identified,-2.206017,53.476929,Manchester
608,2017-01,E01005105,Burglary,Investigation complete; no suspect identified,-2.195845,53.476631,Manchester
609,2017-01,E01005105,Burglary,Investigation complete; no suspect identified,-2.205547,53.476408,Manchester
610,2017-01,E01005105,Burglary,Investigation complete; no suspect identified,-2.19943,53.476437,Manchester
611,2017-01,E01005105,Burglary,Investigation complete; no suspect identified,-2.19943,53.476437,Manchester
612,2017-01,E01005105,Burglary,Investigation complete; no suspect identified,-2.202019,53.475767,Manchester
613,2017-01,E01005105,Burglary,Investigation complete; no suspect identified,-2.198156,53.474479,Manchester
614,2017-01,E01005105,Burglary,Investigation complete; no suspect identified,-2.19943,53.476437,Manchester
615,2017-01,E01005105,Burglary,Unable to prosecute suspect,-2.205547,53.476408,Manchester
616,2017-01,E01005106,Burglary,Investigation complete; no suspect identified,-2.192303,53.476296,Manchester
617,2017-01,E01005106,Burglary,Investigation complete; no suspect identified,-2.194615,53.474449,Manchester
618,2017-01,E01005106,Burglary,Investigation complete; no suspect identified,-2.196162,53.479993,Manchester
619,2017-01,E01005106,Burglary,Unable to prosecute suspect,-2.190947,53.476235,Manchester
620,2017-01,E01005106,Burglary,Investigation complete; no suspect identified,-2.196391,53.480666,Manchester
621,2017-01,E01005106,Burglary,Investigation complete; no suspect identified,-2.196391,53.480666,Manchester
622,2017-01,E01005106,Burglary,Investigation complete; no suspect identified,-2.194994,53.475042,Manchester
623,2017-01,E01033669,Burglary,Investigation complete; no suspect identified,-2.187197,53.483522,Manchester
624,2017-01,E01033669,Burglary,Investigation complete; no suspect identified,-2.201984,53.481089,Manchester
625,2017-01,E01033669,Burglary,Investigation complete; no suspect identified,-2.2056,53.481028,Manchester
626,2017-01,E01033669,Burglary,Investigation complete; no suspect identified,-2.195011,53.481864,Manchester
627,2017-01,E01033669,Burglary,Investigation complete; no suspect identified,-2.195011,53.481864,Manchester
628,2017-01,E01033669,Burglary,Investigation complete; no suspect identified,-2.187197,53.483522,Manchester
629,2017-01,E01005108,Burglary,Investigation complete; no suspect identified,-2.169911,53.471674,Manchester
630,2017-01,E01005108,Burglary,Investigation complete; no suspect identified,-2.176953,53.473443,Manchester
631,2017-01,E01005189,Burglary,Investigation complete; no suspect identified,-2.170462,53.462693,Manchester
632,2017-01,E01005189,Burglary,Investigation complete; no suspect identified,-2.169739,53.462793,Manchester
633,2017-01,E01005190,Burglary,Investigation complete; no suspect identified,-2.169535,53.464313,Manchester
634,2017-01,E01005190,Burglary,Investigation complete; no suspect identified,-2.1659,53.466888,Manchester
635,2017-01,E01005190,Burglary,Investigation complete; no suspect identified,-2.164636,53.467403,Manchester
636,2017-01,E01005190,Burglary,Investigation complete; no suspect identified,-2.169316,53.466236,Manchester
637,2017-01,E01005190,Burglary,Investigation complete; no suspect identified,-2.1659,53.466888,Manchester
638,2017-01,E01033666,Burglary,Investigation complete; no suspect identified,-2.164518,53.475834,Manchester
639,2017-01,E01033666,Burglary,Investigation complete; no suspect identified,-2.160739,53.47263,Manchester
640,2017-01,E01033666,Burglary,Investigation complete; no suspect identified,-2.159516,53.471895,Manchester
641,2017-01,E01033666,Burglary,Investigation complete; no suspect identified,-2.150571,53.472724,Manchester
642,2017-01,E01033666,Burglary,Investigation complete; no suspect identified,-2.15912,53.474655,Manchester
643,2017-01,E01033666,Burglary,Investigation complete; no suspect identified,-2.162246,53.472493,Manchester
644,2017-01,E01033666,Burglary,Investigation complete; no suspect identified,-2.162157,53.473078,Manchester
645,2017-01,E01033666,Burglary,Investigation complete; no suspect identified,-2.160739,53.47263,Manchester
646,2017-01,E01005061,Burglary,Investigation complete; no suspect identified,-2.204011,53.467153,Manchester
647,2017-01,E01005061,Burglary,Status update unavailable,-2.209627,53.466505,Manchester
648,2017-01,E01005062,Burglary,Investigation complete; no suspect identified,-2.225294,53.466701,Manchester
649,2017-01,E01005062,Burglary,Investigation complete; no suspect identified,-2.225294,53.466701,Manchester
650,2017-01,E01005065,Burglary,Investigation complete; no suspect identified,-2.22895,53.468789,Manchester
651,2017-01,E01005065,Burglary,Offender sent to prison,-2.228523,53.470515,Manchester
652,2017-01,E01005065,Burglary,Investigation complete; no suspect identified,-2.226743,53.473017,Manchester
653,2017-01,E01005065,Burglary,Investigation complete; no suspect identified,-2.226639,53.470465,Manchester
654,2017-01,E01005066,Burglary,Offender sent to prison,-2.237926,53.471081,Manchester
655,2017-01,E01005208,Burglary,Investigation complete; no suspect identified,-2.247888,53.461362,Manchester
656,2017-01,E01005208,Burglary,Investigation complete; no suspect identified,-2.252935,53.461603,Manchester
657,2017-01,E01005208,Burglary,Investigation complete; no suspect identified,-2.249618,53.461134,Manchester
658,2017-01,E01005208,Burglary,Investigation complete; no suspect identified,-2.247888,53.461362,Manchester
659,2017-01,E01005209,Burglary,Investigation complete; no suspect identified,-2.232596,53.46337,Manchester
660,2017-01,E01005209,Burglary,Investigation complete; no suspect identified,-2.23236,53.464324,Manchester
661,2017-01,E01005209,Burglary,Investigation complete; no suspect identified,-2.229691,53.460859,Manchester
662,2017-01,E01005209,Burglary,Investigation complete; no suspect identified,-2.237294,53.465761,Manchester
663,2017-01,E01005209,Burglary,Investigation complete; no suspect identified,-2.232372,53.46089,Manchester
664,2017-01,E01005209,Burglary,Investigation complete; no suspect identified,-2.229329,53.460887,Manchester
665,2017-01,E01005214,Burglary,Investigation complete; no suspect identified,-2.252416,53.46564,Manchester
666,2017-01,E01005067,Burglary,Investigation complete; no suspect identified,-2.198001,53.467091,Manchester
667,2017-01,E01005067,Burglary,Investigation complete; no suspect identified,-2.190761,53.465143,Manchester
668,2017-01,E01005067,Burglary,Court result unavailable,-2.198294,53.468556,Manchester
669,2017-01,E01005067,Burglary,Investigation complete; no suspect identified,-2.197395,53.466508,Manchester
670,2017-01,E01005067,Burglary,Investigation complete; no suspect identified,-2.201224,53.467032,Manchester
671,2017-01,E01005186,Burglary,Investigation complete; no suspect identified,-2.185281,53.465799,Manchester
672,2017-01,E01005186,Burglary,Investigation complete; no suspect identified,-2.191429,53.469475,Manchester
673,2017-01,E01005186,Burglary,Investigation complete; no suspect identified,-2.182953,53.463816,Manchester
674,2017-01,E01005232,Burglary,Investigation complete; no suspect identified,-2.19129,53.462123,Manchester
675,2017-01,E01005232,Burglary,Investigation complete; no suspect identified,-2.194467,53.458621,Manchester
676,2017-01,E01005235,Burglary,Investigation complete; no suspect identified,-2.190671,53.45851,Manchester
677,2017-01,E01005187,Burglary,Investigation complete; no suspect identified,-2.161219,53.468045,Manchester
678,2017-01,E01005187,Burglary,Investigation complete; no suspect identified,-2.158312,53.468184,Manchester
679,2017-01,E01005187,Burglary,Investigation complete; no suspect identified,-2.158929,53.467941,Manchester
680,2017-01,E01005188,Burglary,Investigation complete; no suspect identified,-2.15702,53.469022,Manchester
681,2017-01,E01005188,Burglary,Investigation complete; no suspect identified,-2.153746,53.467642,Manchester
682,2017-01,E01005188,Burglary,Investigation complete; no suspect identified,-2.156333,53.466605,Manchester
683,2017-01,E01005188,Burglary,Investigation complete; no suspect identified,-2.156186,53.467558,Manchester
684,2017-01,E01005188,Burglary,Investigation complete; no suspect identified,-2.1642420000000002,53.466783,Manchester
685,2017-01,E01005188,Burglary,Investigation complete; no suspect identified,-2.160414,53.466312,Manchester
686,2017-01,E01005191,Burglary,Investigation complete; no suspect identified,-2.167661,53.462877,Manchester
687,2017-01,E01005191,Burglary,Investigation complete; no suspect identified,-2.16791,53.464737,Manchester
688,2017-01,E01005191,Burglary,Investigation complete; no suspect identified,-2.166535,53.463787,Manchester
689,2017-01,E01005191,Burglary,Investigation complete; no suspect identified,-2.166535,53.463787,Manchester
690,2017-01,E01005191,Burglary,Investigation complete; no suspect identified,-2.168134,53.464279,Manchester
691,2017-01,E01005192,Burglary,Investigation complete; no suspect identified,-2.159523,53.457558,Manchester
692,2017-01,E01005192,Burglary,Investigation complete; no suspect identified,-2.159523,53.457558,Manchester
693,2017-01,E01005192,Burglary,Investigation complete; no suspect identified,-2.159523,53.457558,Manchester
694,2017-01,E01005192,Burglary,Investigation complete; no suspect identified,-2.16415,53.462504,Manchester
695,2017-01,E01005192,Burglary,Investigation complete; no suspect identified,-2.158299,53.456544,Manchester
696,2017-01,E01005192,Burglary,Investigation complete; no suspect identified,-2.159523,53.457558,Manchester
697,2017-01,E01005192,Burglary,Investigation complete; no suspect identified,-2.159523,53.457558,Manchester
698,2017-01,E01005192,Burglary,Investigation complete; no suspect identified,-2.162805,53.457356,Manchester
699,2017-01,E01005192,Burglary,Investigation complete; no suspect identified,-2.158692,53.456939,Manchester
700,2017-01,E01005193,Burglary,Investigation complete; no suspect identified,-2.157519,53.45721,Manchester
701,2017-01,E01005193,Burglary,Investigation complete; no suspect identified,-2.157905,53.455942,Manchester
702,2017-01,E01005193,Burglary,Investigation complete; no suspect identified,-2.162807,53.457922,Manchester
703,2017-01,E01005230,Burglary,Investigation complete; no suspect identified,-2.208682,53.458093,Manchester
704,2017-01,E01005230,Burglary,Investigation complete; no suspect identified,-2.207582,53.458131,Manchester
705,2017-01,E01005231,Burglary,Investigation complete; no suspect identified,-2.212992,53.458616,Manchester
706,2017-01,E01005231,Burglary,Investigation complete; no suspect identified,-2.213282,53.459524,Manchester
707,2017-01,E01005231,Burglary,Investigation complete; no suspect identified,-2.213672,53.456107,Manchester
708,2017-01,E01005231,Burglary,Investigation complete; no suspect identified,-2.215706,53.459402,Manchester
709,2017-01,E01005231,Burglary,Investigation complete; no suspect identified,-2.213282,53.459524,Manchester
710,2017-01,E01005231,Burglary,Investigation complete; no suspect identified,-2.212603,53.456271,Manchester
711,2017-01,E01005236,Burglary,Investigation complete; no suspect identified,-2.211164,53.454494,Manchester
712,2017-01,E01005236,Burglary,Investigation complete; no suspect identified,-2.210928,53.455582,Manchester
713,2017-01,E01005236,Burglary,Investigation complete; no suspect identified,-2.210119,53.456455,Manchester
714,2017-01,E01005236,Burglary,Investigation complete; no suspect identified,-2.211483,53.455158,Manchester
715,2017-01,E01005236,Burglary,Investigation complete; no suspect identified,-2.204424,53.455953,Manchester
716,2017-01,E01005237,Burglary,Investigation complete; no suspect identified,-2.203877,53.454812,Manchester
717,2017-01,E01005237,Burglary,Investigation complete; no suspect identified,-2.200436,53.453272,Manchester
718,2017-01,E01005195,Burglary,Investigation complete; no suspect identified,-2.178231,53.454835,Manchester
719,2017-01,E01005195,Burglary,Investigation complete; no suspect identified,-2.17503,53.456449,Manchester
720,2017-01,E01005196,Burglary,Investigation complete; no suspect identified,-2.1722070000000002,53.450943,Manchester
721,2017-01,E01005197,Burglary,Investigation complete; no suspect identified,-2.171009,53.460167,Manchester
722,2017-01,E01005197,Burglary,Investigation complete; no suspect identified,-2.17324,53.460568,Manchester
723,2017-01,E01005197,Burglary,Investigation complete; no suspect identified,-2.17165,53.45844,Manchester
724,2017-01,E01005197,Burglary,Investigation complete; no suspect identified,-2.171808,53.46031,Manchester
725,2017-01,E01005197,Burglary,Investigation complete; no suspect identified,-2.173602,53.460684,Manchester
726,2017-01,E01005197,Burglary,Investigation complete; no suspect identified,-2.168337,53.458535,Manchester
727,2017-01,E01005197,Burglary,Investigation complete; no suspect identified,-2.174582,53.461096,Manchester
728,2017-01,E01005198,Burglary,Investigation complete; no suspect identified,-2.187537,53.454632,Manchester
729,2017-01,E01005198,Burglary,Investigation complete; no suspect identified,-2.188804,53.455214,Manchester
730,2017-01,E01005198,Burglary,Investigation complete; no suspect identified,-2.188091,53.453858,Manchester
731,2017-01,E01005201,Burglary,Investigation complete; no suspect identified,-2.176397,53.459278,Manchester
732,2017-01,E01005243,Burglary,Investigation complete; no suspect identified,-2.256698,53.456328,Manchester
733,2017-01,E01005243,Burglary,Investigation complete; no suspect identified,-2.257207,53.455779,Manchester
734,2017-01,E01005245,Burglary,Investigation complete; no suspect identified,-2.247149,53.456016,Manchester
735,2017-01,E01005246,Burglary,Investigation complete; no suspect identified,-2.245629,53.45627,Manchester
736,2017-01,E01005241,Burglary,Investigation complete; no suspect identified,-2.235753,53.44865,Manchester
737,2017-01,E01005241,Burglary,Investigation complete; no suspect identified,-2.230368,53.449694,Manchester
738,2017-01,E01005241,Burglary,Investigation complete; no suspect identified,-2.23243,53.449591,Manchester
739,2017-01,E01005241,Burglary,Investigation complete; no suspect identified,-2.230368,53.449694,Manchester
740,2017-01,E01005241,Burglary,Investigation complete; no suspect identified,-2.235753,53.44865,Manchester
741,2017-01,E01005242,Burglary,Unable to prosecute suspect,-2.230765,53.453379,Manchester
742,2017-01,E01005242,Burglary,Investigation complete; no suspect identified,-2.230783,53.45115,Manchester
743,2017-01,E01005244,Burglary,Investigation complete; no suspect identified,-2.234447,53.457659,Manchester
744,2017-01,E01005244,Burglary,Investigation complete; no suspect identified,-2.234447,53.457659,Manchester
745,2017-01,E01005244,Burglary,Investigation complete; no suspect identified,-2.228329,53.456934,Manchester
746,2017-01,E01005244,Burglary,Investigation complete; no suspect identified,-2.233403,53.456663,Manchester
747,2017-01,E01005244,Burglary,Investigation complete; no suspect identified,-2.234447,53.457659,Manchester
748,2017-01,E01005244,Burglary,Investigation complete; no suspect identified,-2.233236,53.456439,Manchester
749,2017-01,E01005244,Burglary,Investigation complete; no suspect identified,-2.226176,53.456929,Manchester
750,2017-01,E01005285,Burglary,Investigation complete; no suspect identified,-2.227621,53.451165,Manchester
751,2017-01,E01005285,Burglary,Investigation complete; no suspect identified,-2.226589,53.452641,Manchester
752,2017-01,E01005285,Burglary,Investigation complete; no suspect identified,-2.227788,53.451425,Manchester
753,2017-01,E01005288,Burglary,Investigation complete; no suspect identified,-2.222731,53.451983,Manchester
754,2017-01,E01005288,Burglary,Investigation complete; no suspect identified,-2.226549,53.450744,Manchester
755,2017-01,E01005288,Burglary,Investigation complete; no suspect identified,-2.225314,53.453425,Manchester
756,2017-01,E01005288,Burglary,Investigation complete; no suspect identified,-2.226549,53.450744,Manchester
757,2017-01,E01005280,Burglary,Investigation complete; no suspect identified,-2.205025,53.446136,Manchester
758,2017-01,E01005280,Burglary,Investigation complete; no suspect identified,-2.208502,53.449006,Manchester
759,2017-01,E01005280,Burglary,Investigation complete; no suspect identified,-2.205463,53.449695,Manchester
760,2017-01,E01005284,Burglary,Investigation complete; no suspect identified,-2.226456,53.458762,Manchester
761,2017-01,E01005284,Burglary,Investigation complete; no suspect identified,-2.225879,53.457828,Manchester
762,2017-01,E01005284,Burglary,Investigation complete; no suspect identified,-2.224761,53.457085,Manchester
763,2017-01,E01005286,Burglary,Investigation complete; no suspect identified,-2.217414,53.451768,Manchester
764,2017-01,E01005286,Burglary,Unable to prosecute suspect,-2.218233,53.452791,Manchester
765,2017-01,E01005286,Burglary,Investigation complete; no suspect identified,-2.217429,53.454698,Manchester
766,2017-01,E01005286,Burglary,Investigation complete; no suspect identified,-2.213553,53.453384,Manchester
767,2017-01,E01005286,Burglary,Investigation complete; no suspect identified,-2.214115,53.454515,Manchester
768,2017-01,E01005286,Burglary,Investigation complete; no suspect identified,-2.217002,53.453548,Manchester
769,2017-01,E01005194,Burglary,Investigation complete; no suspect identified,-2.190791,53.448335,Manchester
770,2017-01,E01005199,Burglary,Investigation complete; no suspect identified,-2.190099,53.448417,Manchester
771,2017-01,E01005199,Burglary,Investigation complete; no suspect identified,-2.186182,53.447902,Manchester
772,2017-01,E01005200,Burglary,Investigation complete; no suspect identified,-2.178324,53.444723,Manchester
773,2017-01,E01005200,Burglary,Unable to prosecute suspect,-2.181173,53.445564,Manchester
774,2017-01,E01005233,Burglary,Investigation complete; no suspect identified,-2.190942,53.454995,Manchester
775,2017-01,E01005233,Burglary,Investigation complete; no suspect identified,-2.191701,53.45636,Manchester
776,2017-01,E01005233,Burglary,Investigation complete; no suspect identified,-2.191519,53.45601,Manchester
777,2017-01,E01005234,Burglary,Investigation complete; no suspect identified,-2.195653,53.454511,Manchester
778,2017-01,E01005234,Burglary,Investigation complete; no suspect identified,-2.197129,53.45787,Manchester
779,2017-01,E01005234,Burglary,Investigation complete; no suspect identified,-2.198445,53.455828,Manchester
780,2017-01,E01005238,Burglary,Investigation complete; no suspect identified,-2.200212,53.450504,Manchester
781,2017-01,E01005238,Burglary,Investigation complete; no suspect identified,-2.193446,53.449283,Manchester
782,2017-01,E01005298,Burglary,Investigation complete; no suspect identified,-2.266823,53.447488,Manchester
783,2017-01,E01005298,Burglary,Investigation complete; no suspect identified,-2.268917,53.450081,Manchester
784,2017-01,E01005298,Burglary,Status update unavailable,-2.266823,53.447488,Manchester
785,2017-01,E01033680,Burglary,Offender given suspended prison sentence,-2.252179,53.451061,Manchester
786,2017-01,E01005150,Burglary,Investigation complete; no suspect identified,-2.278327,53.442941,Manchester
787,2017-01,E01005150,Burglary,Investigation complete; no suspect identified,-2.279655,53.443378,Manchester
788,2017-01,E01005150,Burglary,Investigation complete; no suspect identified,-2.277145,53.441847,Manchester
789,2017-01,E01005150,Burglary,Investigation complete; no suspect identified,-2.277145,53.441847,Manchester
790,2017-01,E01005151,Burglary,Investigation complete; no suspect identified,-2.289284,53.444739,Manchester
791,2017-01,E01005151,Burglary,Investigation complete; no suspect identified,-2.289284,53.444739,Manchester
792,2017-01,E01005152,Burglary,Investigation complete; no suspect identified,-2.284396,53.44547,Manchester
793,2017-01,E01005152,Burglary,Investigation complete; no suspect identified,-2.281147,53.4459,Manchester
794,2017-01,E01005152,Burglary,Investigation complete; no suspect identified,-2.285615,53.443175,Manchester
795,2017-01,E01005152,Burglary,Investigation complete; no suspect identified,-2.285615,53.443175,Manchester
796,2017-01,E01005159,Burglary,Investigation complete; no suspect identified,-2.278349,53.448666,Manchester
797,2017-01,E01005159,Burglary,Investigation complete; no suspect identified,-2.280428,53.446495,Manchester
798,2017-01,E01005159,Burglary,Investigation complete; no suspect identified,-2.277697,53.445603,Manchester
799,2017-01,E01005159,Burglary,Investigation complete; no suspect identified,-2.276033,53.444384,Manchester
800,2017-01,E01005296,Burglary,Unable to prosecute suspect,-2.272251,53.443943,Manchester
801,2017-01,E01005296,Burglary,Investigation complete; no suspect identified,-2.274471,53.447408,Manchester
802,2017-01,E01005296,Burglary,Investigation complete; no suspect identified,-2.275094,53.445887,Manchester
803,2017-01,E01005299,Burglary,Investigation complete; no suspect identified,-2.264188,53.445013,Manchester
804,2017-01,E01005299,Burglary,Investigation complete; no suspect identified,-2.265843,53.444902,Manchester
805,2017-01,E01005178,Burglary,Investigation complete; no suspect identified,-2.237017,53.445735,Manchester
806,2017-01,E01005178,Burglary,Investigation complete; no suspect identified,-2.242511,53.44558,Manchester
807,2017-01,E01005179,Burglary,Investigation complete; no suspect identified,-2.253101,53.444048,Manchester
808,2017-01,E01005179,Burglary,Investigation complete; no suspect identified,-2.254365,53.443848,Manchester
809,2017-01,E01005180,Burglary,Investigation complete; no suspect identified,-2.2334,53.442408,Manchester
810,2017-01,E01005182,Burglary,Investigation complete; no suspect identified,-2.242048,53.448871,Manchester
811,2017-01,E01005182,Burglary,Investigation complete; no suspect identified,-2.242048,53.448871,Manchester
812,2017-01,E01005183,Burglary,Investigation complete; no suspect identified,-2.243242,53.444339,Manchester
813,2017-01,E01005183,Burglary,Investigation complete; no suspect identified,-2.243242,53.444339,Manchester
814,2017-01,E01005183,Burglary,Investigation complete; no suspect identified,-2.23551,53.442826,Manchester
815,2017-01,E01005219,Burglary,Investigation complete; no suspect identified,-2.192066,53.447182,Manchester
816,2017-01,E01005219,Burglary,Investigation complete; no suspect identified,-2.192088,53.445358,Manchester
817,2017-01,E01005219,Burglary,Investigation complete; no suspect identified,-2.196661,53.44455,Manchester
818,2017-01,E01005220,Burglary,Investigation complete; no suspect identified,-2.187198,53.446049,Manchester
819,2017-01,E01005221,Burglary,Investigation complete; no suspect identified,-2.190566,53.445099,Manchester
820,2017-01,E01005221,Burglary,Investigation complete; no suspect identified,-2.193237,53.443046,Manchester
821,2017-01,E01005221,Burglary,Investigation complete; no suspect identified,-2.189422,53.441829,Manchester
822,2017-01,E01005222,Burglary,Investigation complete; no suspect identified,-2.186764,53.439748,Manchester
823,2017-01,E01005184,Burglary,Investigation complete; no suspect identified,-2.228303,53.443676,Manchester
824,2017-01,E01005184,Burglary,Investigation complete; no suspect identified,-2.221729,53.447607,Manchester
825,2017-01,E01005184,Burglary,Investigation complete; no suspect identified,-2.220473,53.443412,Manchester
826,2017-01,E01005184,Burglary,Investigation complete; no suspect identified,-2.220074,53.444779,Manchester
827,2017-01,E01005184,Burglary,Investigation complete; no suspect identified,-2.221999,53.444362,Manchester
828,2017-01,E01005185,Burglary,Investigation complete; no suspect identified,-2.220249,53.443844,Manchester
829,2017-01,E01005185,Burglary,Investigation complete; no suspect identified,-2.22179,53.441873,Manchester
830,2017-01,E01005185,Burglary,Investigation complete; no suspect identified,-2.223433,53.44222,Manchester
831,2017-01,E01005185,Burglary,Investigation complete; no suspect identified,-2.22283,53.442158,Manchester
832,2017-01,E01005185,Burglary,Offender sent to prison,-2.220249,53.443844,Manchester
833,2017-01,E01005271,Burglary,Investigation complete; no suspect identified,-2.222606,53.439561,Manchester
834,2017-01,E01005271,Burglary,Investigation complete; no suspect identified,-2.222606,53.439561,Manchester
835,2017-01,E01005271,Burglary,Investigation complete; no suspect identified,-2.222606,53.439561,Manchester
836,2017-01,E01005271,Burglary,Investigation complete; no suspect identified,-2.22224,53.438798,Manchester
837,2017-01,E01005271,Burglary,Investigation complete; no suspect identified,-2.221209,53.440175,Manchester
838,2017-01,E01005271,Burglary,Investigation complete; no suspect identified,-2.22224,53.438798,Manchester
839,2017-01,E01005271,Burglary,Investigation complete; no suspect identified,-2.225886,53.436535,Manchester
840,2017-01,E01005283,Burglary,Investigation complete; no suspect identified,-2.209097,53.4415,Manchester
841,2017-01,E01005154,Burglary,Investigation complete; no suspect identified,-2.27255,53.441246,Manchester
842,2017-01,E01005154,Burglary,Investigation complete; no suspect identified,-2.276293,53.440339,Manchester
843,2017-01,E01005154,Burglary,Investigation complete; no suspect identified,-2.27255,53.441246,Manchester
844,2017-01,E01005158,Burglary,Investigation complete; no suspect identified,-2.275681,53.436547,Manchester
845,2017-01,E01005300,Burglary,Investigation complete; no suspect identified,-2.26236,53.44161,Manchester
846,2017-01,E01005301,Burglary,Investigation complete; no suspect identified,-2.269749,53.443464,Manchester
847,2017-01,E01005118,Burglary,Investigation complete; no suspect identified,-2.207615,53.433862,Manchester
848,2017-01,E01005120,Burglary,Investigation complete; no suspect identified,-2.200987,53.432768,Manchester
849,2017-01,E01005120,Burglary,Investigation complete; no suspect identified,-2.198661,53.434264,Manchester
850,2017-01,E01005215,Burglary,Investigation complete; no suspect identified,-2.184382,53.435653,Manchester
851,2017-01,E01005215,Burglary,Investigation complete; no suspect identified,-2.182999,53.435925,Manchester
852,2017-01,E01005216,Burglary,Investigation complete; no suspect identified,-2.188552,53.438972,Manchester
853,2017-01,E01005217,Burglary,Investigation complete; no suspect identified,-2.198716,53.436475,Manchester
854,2017-01,E01005217,Burglary,Investigation complete; no suspect identified,-2.202652,53.43797,Manchester
855,2017-01,E01005218,Burglary,Investigation complete; no suspect identified,-2.20291,53.441583,Manchester
856,2017-01,E01005218,Burglary,Investigation complete; no suspect identified,-2.201658,53.440991,Manchester
857,2017-01,E01005218,Burglary,Investigation complete; no suspect identified,-2.20291,53.441583,Manchester
858,2017-01,E01005270,Burglary,Investigation complete; no suspect identified,-2.238018,53.436331,Manchester
859,2017-01,E01005272,Burglary,Investigation complete; no suspect identified,-2.246444,53.433249000000004,Manchester
860,2017-01,E01005272,Burglary,Investigation complete; no suspect identified,-2.240398,53.436722,Manchester
861,2017-01,E01005272,Burglary,Investigation complete; no suspect identified,-2.243546,53.434397,Manchester
862,2017-01,E01005272,Burglary,Investigation complete; no suspect identified,-2.243645,53.433246,Manchester
863,2017-01,E01005273,Burglary,Investigation complete; no suspect identified,-2.227933,53.436441,Manchester
864,2017-01,E01005273,Burglary,Investigation complete; no suspect identified,-2.230653,53.435582,Manchester
865,2017-01,E01005273,Burglary,Investigation complete; no suspect identified,-2.231523,53.437827,Manchester
866,2017-01,E01005278,Burglary,Investigation complete; no suspect identified,-2.233716,53.439729,Manchester
867,2017-01,E01005278,Burglary,Investigation complete; no suspect identified,-2.22965,53.43935,Manchester
868,2017-01,E01005279,Burglary,Investigation complete; no suspect identified,-2.242861,53.438263,Manchester
869,2017-01,E01005279,Burglary,Investigation complete; no suspect identified,-2.258036,53.438582,Manchester
870,2017-01,E01005305,Burglary,Investigation complete; no suspect identified,-2.215836,53.434432,Manchester
871,2017-01,E01005305,Burglary,Investigation complete; no suspect identified,-2.215783,53.432922,Manchester
872,2017-01,E01005309,Burglary,Investigation complete; no suspect identified,-2.220938,53.437353,Manchester
873,2017-01,E01005309,Burglary,Investigation complete; no suspect identified,-2.220938,53.437353,Manchester
874,2017-01,E01005310,Burglary,Investigation complete; no suspect identified,-2.211198,53.440085,Manchester
875,2017-01,E01005311,Burglary,Investigation complete; no suspect identified,-2.209782,53.433769,Manchester
876,2017-01,E01005311,Burglary,Investigation complete; no suspect identified,-2.213713,53.434427,Manchester
877,2017-01,E01005311,Burglary,Investigation complete; no suspect identified,-2.209759,53.435378,Manchester
878,2017-01,E01005311,Burglary,Status update unavailable,-2.209759,53.435378,Manchester
879,2017-01,E01005312,Burglary,Investigation complete; no suspect identified,-2.216234,53.435717,Manchester
880,2017-01,E01005312,Burglary,Investigation complete; no suspect identified,-2.216234,53.435717,Manchester
881,2017-01,E01005312,Burglary,Investigation complete; no suspect identified,-2.214434,53.437086,Manchester
882,2017-01,E01005312,Burglary,Investigation complete; no suspect identified,-2.216234,53.435717,Manchester
883,2017-01,E01005082,Burglary,Investigation complete; no suspect identified,-2.269846,53.430268,Manchester
884,2017-01,E01005153,Burglary,Investigation complete; no suspect identified,-2.281351,53.438062,Manchester
885,2017-01,E01005155,Burglary,Investigation complete; no suspect identified,-2.285442,53.437567,Manchester
886,2017-01,E01005274,Burglary,Investigation complete; no suspect identified,-2.233477,53.434435,Manchester
887,2017-01,E01005274,Burglary,Investigation complete; no suspect identified,-2.228702,53.433932,Manchester
888,2017-01,E01005274,Burglary,Investigation complete; no suspect identified,-2.234439,53.434226,Manchester
889,2017-01,E01005275,Burglary,Investigation complete; no suspect identified,-2.239346,53.431547,Manchester
890,2017-01,E01005276,Burglary,Investigation complete; no suspect identified,-2.23474,53.43152,Manchester
891,2017-01,E01005276,Burglary,Investigation complete; no suspect identified,-2.233613,53.431873,Manchester
892,2017-01,E01005076,Burglary,Investigation complete; no suspect identified,-2.241259,53.423975,Manchester
893,2017-01,E01005081,Burglary,Investigation complete; no suspect identified,-2.265101,53.434477,Manchester
894,2017-01,E01033670,Burglary,Investigation complete; no suspect identified,-2.246919,53.429491,Manchester
895,2017-01,E01033671,Burglary,Investigation complete; no suspect identified,-2.243757,53.426513,Manchester
896,2017-01,E01033671,Burglary,Investigation complete; no suspect identified,-2.243757,53.426513,Manchester
897,2017-01,E01033671,Burglary,Investigation complete; no suspect identified,-2.241453,53.428936,Manchester
898,2017-01,E01005125,Burglary,Investigation complete; no suspect identified,-2.217241,53.420758,Manchester
899,2017-01,E01005304,Burglary,Investigation complete; no suspect identified,-2.224947,53.432564,Manchester
900,2017-01,E01005304,Burglary,Investigation complete; no suspect identified,-2.227294,53.435193,Manchester
901,2017-01,E01005306,Burglary,Investigation complete; no suspect identified,-2.228436,53.423505,Manchester
902,2017-01,E01005306,Burglary,Investigation complete; no suspect identified,-2.228436,53.423505,Manchester
903,2017-01,E01005306,Burglary,Investigation complete; no suspect identified,-2.228336,53.424575,Manchester
904,2017-01,E01005306,Burglary,Investigation complete; no suspect identified,-2.22723,53.426007,Manchester
905,2017-01,E01005306,Burglary,Investigation complete; no suspect identified,-2.228128,53.422257,Manchester
906,2017-01,E01005306,Burglary,Investigation complete; no suspect identified,-2.227238,53.421872,Manchester
907,2017-01,E01005307,Burglary,Investigation complete; no suspect identified,-2.225335,53.431853,Manchester
908,2017-01,E01005307,Burglary,Investigation complete; no suspect identified,-2.221903,53.428848,Manchester
909,2017-01,E01005307,Burglary,Investigation complete; no suspect identified,-2.226563,53.427895,Manchester
910,2017-01,E01005121,Burglary,Investigation complete; no suspect identified,-2.206178,53.429344,Manchester
911,2017-01,E01005121,Burglary,Investigation complete; no suspect identified,-2.206032,53.430315,Manchester
912,2017-01,E01005121,Burglary,Investigation complete; no suspect identified,-2.206178,53.429344,Manchester
913,2017-01,E01005122,Burglary,Investigation complete; no suspect identified,-2.196293,53.430016,Manchester
914,2017-01,E01005123,Burglary,Investigation complete; no suspect identified,-2.215447,53.425983,Manchester
915,2017-01,E01005123,Burglary,Investigation complete; no suspect identified,-2.210267,53.428438,Manchester
916,2017-01,E01005123,Burglary,Investigation complete; no suspect identified,-2.214966,53.429229,Manchester
917,2017-01,E01005123,Burglary,Investigation complete; no suspect identified,-2.215308,53.428375,Manchester
918,2017-01,E01005123,Burglary,Investigation complete; no suspect identified,-2.212704,53.428307,Manchester
919,2017-01,E01005123,Burglary,Investigation complete; no suspect identified,-2.215447,53.425983,Manchester
920,2017-01,E01005123,Burglary,Investigation complete; no suspect identified,-2.210267,53.428438,Manchester
921,2017-01,E01005123,Burglary,Investigation complete; no suspect identified,-2.215308,53.428375,Manchester
922,2017-01,E01005124,Burglary,Investigation complete; no suspect identified,-2.209703,53.423953,Manchester
923,2017-01,E01005077,Burglary,Investigation complete; no suspect identified,-2.263744,53.424394,Manchester
924,2017-01,E01005078,Burglary,Investigation complete; no suspect identified,-2.248768,53.42137,Manchester
925,2017-01,E01005078,Burglary,Offender sent to prison,-2.247021,53.418399,Manchester
926,2017-01,E01005172,Burglary,Investigation complete; no suspect identified,-2.236532,53.418249,Manchester
927,2017-01,E01005172,Burglary,Investigation complete; no suspect identified,-2.237044,53.420999,Manchester
928,2017-01,E01005172,Burglary,Investigation complete; no suspect identified,-2.236532,53.418249,Manchester
929,2017-01,E01005172,Burglary,Investigation complete; no suspect identified,-2.237319,53.421744,Manchester
930,2017-01,E01005172,Burglary,Investigation complete; no suspect identified,-2.237044,53.420999,Manchester
931,2017-01,E01005172,Burglary,Investigation complete; no suspect identified,-2.234968,53.423771,Manchester
932,2017-01,E01005172,Burglary,Investigation complete; no suspect identified,-2.237044,53.420999,Manchester
933,2017-01,E01005172,Burglary,Investigation complete; no suspect identified,-2.236824,53.419282,Manchester
934,2017-01,E01005172,Burglary,Investigation complete; no suspect identified,-2.236824,53.419282,Manchester
935,2017-01,E01005173,Burglary,Investigation complete; no suspect identified,-2.244816,53.4171,Manchester
936,2017-01,E01005173,Burglary,Investigation complete; no suspect identified,-2.241651,53.41876,Manchester
937,2017-01,E01005174,Burglary,Investigation complete; no suspect identified,-2.225969,53.420948,Manchester
938,2017-01,E01005174,Burglary,Investigation complete; no suspect identified,-2.222883,53.420613,Manchester
939,2017-01,E01005174,Burglary,Investigation complete; no suspect identified,-2.222883,53.420613,Manchester
940,2017-01,E01005174,Burglary,Investigation complete; no suspect identified,-2.229663,53.419431,Manchester
941,2017-01,E01005174,Burglary,Investigation complete; no suspect identified,-2.222883,53.420613,Manchester
942,2017-01,E01005175,Burglary,Investigation complete; no suspect identified,-2.22314,53.415147,Manchester
943,2017-01,E01005175,Burglary,Investigation complete; no suspect identified,-2.226026,53.41738,Manchester
944,2017-01,E01005176,Burglary,Investigation complete; no suspect identified,-2.231611,53.415167,Manchester
945,2017-01,E01005176,Burglary,Investigation complete; no suspect identified,-2.226638,53.416633,Manchester
946,2017-01,E01005176,Burglary,Investigation complete; no suspect identified,-2.226638,53.416633,Manchester
947,2017-01,E01005176,Burglary,Investigation complete; no suspect identified,-2.228145,53.417034,Manchester
948,2017-01,E01005176,Burglary,Investigation complete; no suspect identified,-2.227422,53.416775,Manchester
949,2017-01,E01005176,Burglary,Investigation complete; no suspect identified,-2.231611,53.415167,Manchester
950,2017-01,E01005176,Burglary,Investigation complete; no suspect identified,-2.233762,53.417859,Manchester
951,2017-01,E01005176,Burglary,Investigation complete; no suspect identified,-2.233051,53.417187,Manchester
952,2017-01,E01005177,Burglary,Investigation complete; no suspect identified,-2.232598,53.414122,Manchester
953,2017-01,E01005264,Burglary,Investigation complete; no suspect identified,-2.27922,53.413843,Manchester
954,2017-01,E01005264,Burglary,Investigation complete; no suspect identified,-2.273724,53.410835,Manchester
955,2017-01,E01005264,Burglary,Investigation complete; no suspect identified,-2.273724,53.410835,Manchester
956,2017-01,E01005265,Burglary,Investigation complete; no suspect identified,-2.28215,53.408793,Manchester
957,2017-01,E01005126,Burglary,Unable to prosecute suspect,-2.215214,53.415611,Manchester
958,2017-01,E01005168,Burglary,Investigation complete; no suspect identified,-2.219575,53.412277,Manchester
959,2017-01,E01005168,Burglary,Investigation complete; no suspect identified,-2.215628,53.41428,Manchester
960,2017-01,E01005168,Burglary,Status update unavailable,-2.225945,53.413506,Manchester
961,2017-01,E01005168,Burglary,Investigation complete; no suspect identified,-2.219575,53.412277,Manchester
962,2017-01,E01005169,Burglary,Investigation complete; no suspect identified,-2.229236,53.407226,Manchester
963,2017-01,E01005170,Burglary,Investigation complete; no suspect identified,-2.230746,53.405596,Manchester
964,2017-01,E01005170,Burglary,Investigation complete; no suspect identified,-2.230746,53.405596,Manchester
965,2017-01,E01005171,Burglary,Investigation complete; no suspect identified,-2.222224,53.403904,Manchester
966,2017-01,E01005263,Burglary,Investigation complete; no suspect identified,-2.249735,53.403976,Manchester
967,2017-01,E01005263,Burglary,Investigation complete; no suspect identified,-2.243868,53.411718,Manchester
968,2017-01,E01005267,Burglary,Investigation complete; no suspect identified,-2.262147,53.409369,Manchester
969,2017-01,E01005267,Burglary,Investigation complete; no suspect identified,-2.259934,53.411612,Manchester
970,2017-01,E01005268,Burglary,Investigation complete; no suspect identified,-2.258887,53.405187,Manchester
971,2017-01,E01005111,Burglary,Investigation complete; no suspect identified,-2.308037,53.406491,Manchester
972,2017-01,E01005113,Burglary,Investigation complete; no suspect identified,-2.304623,53.402284,Manchester
973,2017-01,E01005113,Burglary,Investigation complete; no suspect identified,-2.301741,53.398921,Manchester
974,2017-01,E01005113,Burglary,Investigation complete; no suspect identified,-2.305701,53.403657,Manchester
975,2017-01,E01005114,Burglary,Investigation complete; no suspect identified,-2.312657,53.408726,Manchester
976,2017-01,E01005116,Burglary,Investigation complete; no suspect identified,-2.291595,53.404132,Manchester
977,2017-01,E01005116,Burglary,Investigation complete; no suspect identified,-2.294526,53.406022,Manchester
978,2017-01,E01005116,Burglary,Investigation complete; no suspect identified,-2.29818,53.407999,Manchester
979,2017-01,E01005072,Burglary,Investigation complete; no suspect identified,-2.278234,53.391931,Manchester
980,2017-01,E01005112,Burglary,Investigation complete; no suspect identified,-2.274722,53.399867,Manchester
981,2017-01,E01005085,Burglary,Investigation complete; no suspect identified,-2.265483,53.394414,Manchester
982,2017-01,E01005086,Burglary,Investigation complete; no suspect identified,-2.258151,53.395365,Manchester
983,2017-01,E01005089,Burglary,Investigation complete; no suspect identified,-2.260784,53.388285,Manchester
984,2017-01,E01005089,Burglary,Investigation complete; no suspect identified,-2.257284,53.388814000000004,Manchester
985,2017-01,E01005289,Burglary,Unable to prosecute suspect,-2.252405,53.384968,Manchester
986,2017-01,E01005289,Burglary,Investigation complete; no suspect identified,-2.250594,53.388927,Manchester
987,2017-01,E01005295,Burglary,Investigation complete; no suspect identified,-2.254954,53.391354,Manchester
988,2017-01,E01005295,Burglary,Investigation complete; no suspect identified,-2.253896,53.392974,Manchester
989,2017-01,E01005087,Burglary,Investigation complete; no suspect identified,-2.268589,53.390964,Manchester
990,2017-01,E01005087,Burglary,Investigation complete; no suspect identified,-2.267155,53.392423,Manchester
991,2017-01,E01005088,Burglary,Investigation complete; no suspect identified,-2.274291,53.384318,Manchester
992,2017-01,E01005088,Burglary,Status update unavailable,-2.271554,53.386634,Manchester
993,2017-01,E01005091,Burglary,Court result unavailable,-2.265365,53.382603,Manchester
994,2017-01,E01005091,Burglary,Investigation complete; no suspect identified,-2.261966,53.382368,Manchester
995,2017-01,E01005291,Burglary,Investigation complete; no suspect identified,-2.256908,53.381354,Manchester
996,2017-01,E01005068,Burglary,Investigation complete; no suspect identified,-2.287329,53.378219,Manchester
997,2017-01,E01005068,Burglary,Investigation complete; no suspect identified,-2.285099,53.379681,Manchester
998,2017-01,E01005070,Burglary,Investigation complete; no suspect identified,-2.29319,53.388821,Manchester
999,2017-01,E01005070,Burglary,Investigation complete; no suspect identified,-2.29319,53.388821,Manchester
1000,2017-01,E01005070,Burglary,Investigation complete; no suspect identified,-2.286196,53.390842,Manchester
1001,2017-01,E01005074,Burglary,Investigation complete; no suspect identified,-2.275372,53.386508,Manchester
1002,2017-01,E01005074,Burglary,Investigation complete; no suspect identified,-2.283954,53.390488,Manchester
1003,2017-01,E01005074,Burglary,Investigation complete; no suspect identified,-2.276108,53.3863,Manchester
1004,2017-01,E01005290,Burglary,Investigation complete; no suspect identified,-2.251748,53.383244,Manchester
1005,2017-01,E01005290,Burglary,Investigation complete; no suspect identified,-2.245436,53.383706,Manchester
1006,2017-01,E01005290,Burglary,Investigation complete; no suspect identified,-2.244316,53.387673,Manchester
1007,2017-01,E01005290,Burglary,Investigation complete; no suspect identified,-2.247439,53.386875,Manchester
1008,2017-01,E01005293,Burglary,Investigation complete; no suspect identified,-2.252804,53.376293,Manchester
1009,2017-01,E01005294,Burglary,Investigation complete; no suspect identified,-2.251051,53.377205,Manchester
1010,2017-01,E01005294,Burglary,Investigation complete; no suspect identified,-2.247906,53.374083,Manchester
1011,2017-01,E01005294,Burglary,Investigation complete; no suspect identified,-2.244751,53.377011,Manchester
1012,2017-01,E01005294,Burglary,Investigation complete; no suspect identified,-2.246333,53.374949,Manchester
1013,2017-01,E01005317,Burglary,Investigation complete; no suspect identified,-2.256616,53.37269,Manchester
1014,2017-01,E01005313,Burglary,Investigation complete; no suspect identified,-2.262676,53.375742,Manchester
1015,2017-01,E01005316,Burglary,Investigation complete; no suspect identified,-2.289247,53.361757,Manchester
1016,2017-01,E01005316,Burglary,Investigation complete; no suspect identified,-2.269365,53.375718,Manchester
1017,2017-01,E01005316,Burglary,Investigation complete; no suspect identified,-2.289247,53.361757,Manchester
1018,2017-01,E01005316,Burglary,Investigation complete; no suspect identified,-2.271964,53.375505,Manchester
1019,2017-01,E01005316,Burglary,Investigation complete; no suspect identified,-2.289247,53.361757,Manchester
1020,2017-01,E01005318,Burglary,Investigation complete; no suspect identified,-2.257433,53.368715,Manchester
1021,2017-01,E01005130,Burglary,Investigation complete; no suspect identified,-2.227389,53.489492,Manchester
1022,2017-01,E01033651,Burglary,Investigation complete; no suspect identified,-2.228284,53.490659,Manchester
1023,2017-01,E01033651,Burglary,Investigation complete; no suspect identified,-2.227718,53.4863,Manchester
1024,2017-01,E01033651,Burglary,Investigation complete; no suspect identified,-2.227718,53.4863,Manchester
1025,2017-01,E01033658,Burglary,Investigation complete; no suspect identified,-2.247786,53.482737,Manchester
1026,2017-01,E01033658,Burglary,Investigation complete; no suspect identified,-2.243924,53.481882,Manchester
1027,2017-01,E01033658,Burglary,Investigation complete; no suspect identified,-2.248422,53.480659,Manchester
1028,2017-01,E01033658,Burglary,Investigation complete; no suspect identified,-2.243924,53.481882,Manchester
1029,2017-01,E01033658,Burglary,Investigation complete; no suspect identified,-2.242898,53.481749,Manchester
1030,2017-01,E01033658,Burglary,Investigation complete; no suspect identified,-2.245897,53.481833,Manchester
1031,2017-01,E01033658,Burglary,Investigation complete; no suspect identified,-2.247859,53.479627,Manchester
1032,2017-01,E01033658,Burglary,Offender sent to prison,-2.241702,53.483451,Manchester
1033,2017-01,E01033658,Burglary,Investigation complete; no suspect identified,-2.248763,53.479625,Manchester
1034,2017-01,E01033658,Burglary,Court result unavailable,-2.245897,53.481833,Manchester
1035,2017-01,E01033658,Burglary,Investigation complete; no suspect identified,-2.248763,53.479625,Manchester
1036,2017-01,E01033658,Burglary,Investigation complete; no suspect identified,-2.247859,53.479627,Manchester
1037,2017-01,E01033658,Burglary,Investigation complete; no suspect identified,-2.247819,53.483204,Manchester
1038,2017-01,E01033658,Burglary,Investigation complete; no suspect identified,-2.245966,53.480628,Manchester
1039,2017-01,E01033658,Burglary,Investigation complete; no suspect identified,-2.248958,53.482141,Manchester
1040,2017-01,E01033658,Burglary,Investigation complete; no suspect identified,-2.245897,53.481833,Manchester
1041,2017-01,E01033658,Burglary,Investigation complete; no suspect identified,-2.238637,53.482225,Manchester
1042,2017-01,E01033667,Burglary,Investigation complete; no suspect identified,-2.236482,53.482293,Manchester
1043,2017-01,E01033667,Burglary,Investigation complete; no suspect identified,-2.237576,53.483935,Manchester
1044,2017-01,E01033667,Burglary,Investigation complete; no suspect identified,-2.236482,53.482293,Manchester
1045,2017-01,E01005128,Burglary,Investigation complete; no suspect identified,-2.235852,53.474591,Manchester
1046,2017-01,E01033653,Burglary,Further investigation is not in the public interest,-2.236952,53.47733,Manchester
1047,2017-01,E01033653,Burglary,Investigation complete; no suspect identified,-2.235083,53.479976,Manchester
1048,2017-01,E01033653,Burglary,Investigation complete; no suspect identified,-2.237527,53.475073,Manchester
1049,2017-01,E01033653,Burglary,Investigation complete; no suspect identified,-2.232762,53.482686,Manchester
1050,2017-01,E01033653,Burglary,Investigation complete; no suspect identified,-2.236975,53.478732,Manchester
1051,2017-01,E01033653,Burglary,Investigation complete; no suspect identified,-2.239976,53.476524,Manchester
1052,2017-01,E01033653,Burglary,Investigation complete; no suspect identified,-2.23404,53.482064,Manchester
1053,2017-01,E01033653,Burglary,Court result unavailable,-2.235357,53.480434,Manchester
1054,2017-01,E01033653,Burglary,Investigation complete; no suspect identified,-2.236424,53.477304,Manchester
1055,2017-01,E01033653,Burglary,Investigation complete; no suspect identified,-2.239785,53.477477,Manchester
1056,2017-01,E01033653,Burglary,Investigation complete; no suspect identified,-2.239655,53.478493,Manchester
1057,2017-01,E01033653,Burglary,Investigation complete; no suspect identified,-2.235083,53.479976,Manchester
1058,2017-01,E01033653,Burglary,Investigation complete; no suspect identified,-2.23305,53.480133,Manchester
1059,2017-01,E01033653,Burglary,Investigation complete; no suspect identified,-2.239655,53.478493,Manchester
1060,2017-01,E01033653,Burglary,Investigation complete; no suspect identified,-2.23404,53.482064,Manchester
1061,2017-01,E01033653,Burglary,Investigation complete; no suspect identified,-2.241188,53.477843,Manchester
1062,2017-01,E01033653,Burglary,Investigation complete; no suspect identified,-2.239785,53.477477,Manchester
1063,2017-01,E01033653,Burglary,Offender sent to prison,-2.238126,53.479835,Manchester
1064,2017-01,E01033653,Burglary,Investigation complete; no suspect identified,-2.2319,53.48214,Manchester
1065,2017-01,E01033653,Burglary,Investigation complete; no suspect identified,-2.233182,53.482263,Manchester
1066,2017-01,E01033653,Burglary,Investigation complete; no suspect identified,-2.234819,53.481316,Manchester
1067,2017-01,E01033654,Burglary,Investigation complete; no suspect identified,-2.231911,53.478652,Manchester
1068,2017-01,E01033654,Burglary,Investigation complete; no suspect identified,-2.232396,53.476341,Manchester
1069,2017-01,E01033654,Burglary,Investigation complete; no suspect identified,-2.232549,53.479559,Manchester
1070,2017-01,E01033659,Burglary,Offender otherwise dealt with,-2.226937,53.48108,Manchester
1071,2017-01,E01033659,Burglary,Investigation complete; no suspect identified,-2.229531,53.484293,Manchester
1072,2017-01,E01033659,Burglary,Investigation complete; no suspect identified,-2.235113,53.482736,Manchester
1073,2017-01,E01033659,Burglary,Investigation complete; no suspect identified,-2.231704,53.484873,Manchester
1074,2017-01,E01033659,Burglary,Investigation complete; no suspect identified,-2.228726,53.48309,Manchester
1075,2017-01,E01033661,Burglary,Investigation complete; no suspect identified,-2.228726,53.480321000000004,Manchester
1076,2017-01,E01033661,Burglary,Investigation complete; no suspect identified,-2.225614,53.478844,Manchester
1077,2017-01,E01033661,Burglary,Investigation complete; no suspect identified,-2.22804,53.484484,Manchester
1078,2017-01,E01033661,Burglary,Investigation complete; no suspect identified,-2.225614,53.478844,Manchester
1079,2017-01,E01033655,Burglary,Investigation complete; no suspect identified,-2.239455,53.491113,Manchester
1080,2017-01,E01033665,Burglary,Investigation complete; no suspect identified,-2.2396,53.490052,Manchester
1081,2017-01,E01033676,Burglary,Investigation complete; no suspect identified,-2.219587,53.502189,Manchester
1082,2017-01,E01005212,Burglary,Investigation complete; no suspect identified,-2.242239,53.466524,Manchester
1083,2017-01,E01005212,Burglary,Offender sent to prison,-2.238289,53.468653,Manchester
1084,2017-01,E01005212,Burglary,Investigation complete; no suspect identified,-2.243875,53.468103,Manchester
1085,2017-01,E01033662,Burglary,Investigation complete; no suspect identified,-2.239021,53.475573,Manchester
1086,2017-01,E01005147,Burglary,Investigation complete; no suspect identified,-2.243755,53.502448,Manchester
1087,2017-01,E01033674,Burglary,Investigation complete; no suspect identified,-2.244591,53.495633,Manchester
1088,2017-01,E01033674,Burglary,Investigation complete; no suspect identified,-2.243693,53.491608,Manchester
1089,2017-01,E01033674,Burglary,Investigation complete; no suspect identified,-2.244591,53.495633,Manchester
1090,2017-01,E01033674,Burglary,Investigation complete; no suspect identified,-2.253691,53.500045,Manchester
1091,2017-01,E01033674,Burglary,Investigation complete; no suspect identified,-2.246747,53.498307,Manchester
1092,2017-01,E01033674,Burglary,Investigation complete; no suspect identified,-2.243693,53.491608,Manchester
1093,2017-01,E01033674,Burglary,Investigation complete; no suspect identified,-2.243693,53.491608,Manchester
1094,2017-01,E01033674,Burglary,Investigation complete; no suspect identified,-2.253691,53.500045,Manchester
1095,2017-01,E01033675,Burglary,Investigation complete; no suspect identified,-2.246307,53.500573,Manchester
1096,2017-01,E01033675,Burglary,Investigation complete; no suspect identified,-2.246307,53.500573,Manchester
1097,2017-01,E01033675,Burglary,Investigation complete; no suspect identified,-2.249161,53.501376,Manchester
1098,2017-01,E01033675,Burglary,Investigation complete; no suspect identified,-2.251798,53.501056,Manchester
1099,2017-01,E01033675,Burglary,Investigation complete; no suspect identified,-2.251489,53.499762,Manchester
1100,2017-01,E01005213,Burglary,Investigation complete; no suspect identified,-2.248747,53.469306,Manchester
1101,2017-01,E01005213,Burglary,Investigation complete; no suspect identified,-2.257006,53.469819,Manchester
1102,2017-01,E01005213,Burglary,Investigation complete; no suspect identified,-2.260337,53.46761,Manchester
1103,2017-01,E01033673,Burglary,Investigation complete; no suspect identified,-2.260926,53.472876,Manchester
1104,2017-01,E01033677,Burglary,Investigation complete; no suspect identified,-2.247338,53.478199,Manchester
1105,2017-01,E01033677,Burglary,Investigation complete; no suspect identified,-2.247649,53.474639,Manchester
1106,2017-01,E01033677,Burglary,Investigation complete; no suspect identified,-2.247977,53.474162,Manchester
1107,2017-01,E01033677,Burglary,Investigation complete; no suspect identified,-2.245969,53.478651,Manchester
1108,2017-01,E01033677,Burglary,Investigation complete; no suspect identified,-2.243082,53.474405,Manchester
1109,2017-01,E01033677,Burglary,Offender sent to prison,-2.242156,53.475729,Manchester
1110,2017-01,E01033677,Burglary,Investigation complete; no suspect identified,-2.249579,53.477502,Manchester
1111,2017-01,E01033677,Burglary,Investigation complete; no suspect identified,-2.247338,53.478199,Manchester
1112,2017-01,E01033681,Burglary,Investigation complete; no suspect identified,-2.259546,53.47384,Manchester
1113,2017-01,E01033682,Burglary,Investigation complete; no suspect identified,-2.253047,53.475472,Manchester
1114,2017-01,E01033682,Burglary,Investigation complete; no suspect identified,-2.258277,53.473223,Manchester
1115,2017-01,E01033682,Burglary,Investigation complete; no suspect identified,-2.255264,53.475746,Manchester
1116,2017-01,E01033682,Burglary,Investigation complete; no suspect identified,-2.251102,53.477679,Manchester
1117,2017-01,E01033683,Burglary,Investigation complete; no suspect identified,-2.251948,53.475511,Manchester
1118,2017-01,E01033683,Burglary,Investigation complete; no suspect identified,-2.252387,53.473298,Manchester
1119,2017-01,E01033683,Burglary,Investigation complete; no suspect identified,-2.252387,53.473298,Manchester
